{
  "total_traffic_gb": 18911.863330833614,
  "avg_connection_kb": 16808.12295116042,
  "total_connections": 1179818,
  "protocol_stats": {
    "ftp": {
      "sum": 1827052621033,
      "mean": 80871663.46640404,
      "count": 22592,
      "sum_gb": 1701.5753509784117
    },
    "http": {
      "sum": 1528002976178,
      "mean": 1683503.1077296662,
      "count": 907633,
      "sum_gb": 1423.0636657942086
    },
    "mongodb": {
      "sum": 1871698924878,
      "mean": 79629820.24582005,
      "count": 23505,
      "sum_gb": 1743.155461622402
    },
    "mysql": {
      "sum": 1869506639548,
      "mean": 80219122.05741258,
      "count": 23305,
      "sum_gb": 1741.1137368045747
    },
    "postgresql": {
      "sum": 1813671903812,
      "mean": 79999642.88350756,
      "count": 22671,
      "sum_gb": 1689.1135869659483
    },
    "sftp": {
      "sum": 1857684088424,
      "mean": 80705712.41741246,
      "count": 23018,
      "sum_gb": 1730.103128053248
    },
    "smtp": {
      "sum": 22288023,
      "mean": 491.8464746772592,
      "count": 45315,
      "sum_gb": 0.020757338963449
    },
    "ssh": {
      "sum": 7655541691910,
      "mean": 86520893.42363419,
      "count": 88482,
      "sum_gb": 7129.778798585758
    },
    "tds": {
      "sum": 1883277494282,
      "mean": 80837768.56599562,
      "count": 23297,
      "sum_gb": 1753.9388446900994
    }
  },
  "top_traffic_ips": {
    "10.50.50.26": 1932399901866,
    "10.50.50.28": 977108359018,
    "10.50.50.29": 966628182400,
    "10.50.50.37": 150522125704,
    "10.50.50.49": 136335087559,
    "10.7.133.16": 128214209852,
    "10.7.133.15": 126733915801,
    "10.50.50.40": 126333773133,
    "10.50.50.43": 120953865670,
    "10.7.133.20": 103431517345,
    "10.50.50.46": 99456600851,
    "10.50.50.33": 94630538615,
    "10.50.50.41": 91529856722,
    "10.7.133.18": 87749464192,
    "10.50.50.44": 87255581278,
    "10.50.50.38": 86789650660,
    "10.50.50.48": 82889349827,
    "10.64.106.34": 82859245736,
    "10.50.50.31": 81515700245,
    "10.64.105.120": 80179461107
  }
}